<?xml version="1.0" encoding="UTF-8"?>
<project-private xmlns="http://www.netbeans.org/ns/project-private/1">
    <editor-bookmarks xmlns="http://www.netbeans.org/ns/editor-bookmarks/2" lastBookmarkId="0"/>
    <open-files xmlns="http://www.netbeans.org/ns/projectui-open-files/2">
        <group>
            <file>file:/C:/Users/moyos/OneDrive%20-%20National%20College%20of%20Ireland/Year%203/Semmester%201/Security%20Fundamentals%20and%20Development/CA%201%20code%20practise/Encryption/src/javaapplication26/Main.java</file>
            <file>file:/C:/Users/moyos/OneDrive%20-%20National%20College%20of%20Ireland/Year%203/Semmester%201/Security%20Fundamentals%20and%20Development/CA%201%20code%20practise/Encryption/src/javaapplication26/LoginPage.java</file>
            <file>file:/C:/Users/moyos/OneDrive%20-%20National%20College%20of%20Ireland/Year%203/Semmester%201/Security%20Fundamentals%20and%20Development/CA%201%20code%20practise/Encryption/src/javaapplication26/UserInfo.java</file>
            <file>file:/C:/Users/moyos/OneDrive%20-%20National%20College%20of%20Ireland/Year%203/Semmester%201/Security%20Fundamentals%20and%20Development/CA%201%20code%20practise/Encryption/src/javaapplication26/DiaryPage.java</file>
        </group>
    </open-files>
</project-private>
